{"cameraMode":{"drawMode":0,"name":"Shaded","section":"Shading Mode"},"sceneLighting":false,"audioPlay":false,"sceneViewState":{"showFog":true,"showMaterialUpdate":false,"showSkybox":false,"showFlares":true,"showImageEffects":true,"showParticleSystems":true},"in2DMode":false,"pivot":{"x":3.630000114440918,"y":2.2100000381469728,"z":2.7200000286102297},"rotation":{"x":0.04457182437181473,"y":-0.7176520228385925,"z":0.0461488701403141,"w":0.6935161352157593},"size":0.8660253882408142,"orthographic":true}